# name	interval	# bootstrap heuristics — updated by pkg-cadence workflow
LCEVCdec	monthly
ModemManager	monthly
ModemManager-glib	monthly
NetworkManager	monthly
NetworkManager-adsl	monthly
NetworkManager-bluetooth	monthly
NetworkManager-cloud-setup	monthly
NetworkManager-libnm	monthly
NetworkManager-openconnect	monthly
NetworkManager-openconnect-gnome	monthly
NetworkManager-openvpn	monthly
NetworkManager-openvpn-gnome	monthly
NetworkManager-tui	monthly
NetworkManager-wifi	monthly
NetworkManager-wwan	monthly
PackageKit-glib	monthly
PackageKit-gstreamer-plugin	monthly
SDL3	monthly
WALinuxAgent-udev	monthly
aardvark-dns	monthly
accountsservice	monthly
accountsservice-libs	monthly
acl	monthly
adcli	monthly
adcli-selinux	monthly
adobe-mappings-cmap	monthly
adobe-mappings-cmap-deprecated	monthly
adobe-mappings-pdf	monthly
adwaita-cursor-theme	monthly
adwaita-fonts-all	yearly
adwaita-icon-theme	monthly
adwaita-mono-fonts	yearly
adwaita-sans-fonts	yearly
alsa-lib	monthly
alsa-sof-firmware	monthly
alsa-ucm	monthly
alsa-utils	monthly
alternatives	monthly
amd-gpu-firmware	monthly
amd-ucode-firmware	monthly
anthy-unicode	monthly
appstream	monthly
appstream-data	monthly
aribb24	monthly
at	monthly
at-spi2-atk	monthly
at-spi2-core	monthly
atheros-firmware	quarterly
atk	monthly
attr	monthly
audit	monthly
audit-libs	monthly
audit-rules	monthly
authselect	monthly
authselect-libs	monthly
avahi	monthly
avahi-glib	monthly
avahi-libs	monthly
avahi-tools	monthly
basesystem	monthly
bash	monthly
bash-color-prompt	monthly
bash-completion	monthly
bc	monthly
bind-libs	monthly
bind-license	monthly
bind-utils	monthly
binutils	monthly
binutils-gold	monthly
bison	monthly
blktrace	monthly
bluez	monthly
bluez-libs	monthly
bluez-obexd	monthly
bolt	monthly
bootc	weekly
bootupd	monthly
bpftool	monthly
brcmfmac-firmware	quarterly
brlapi	monthly
brltty	monthly
btrfs-progs	monthly
bubblewrap	monthly
buildah	monthly
bzip2	monthly
bzip2-libs	monthly
c-ares	monthly
ca-certificates	monthly
cairo	monthly
cairo-gobject	monthly
catatonit	monthly
centos-backgrounds	monthly
centos-gpg-keys	monthly
centos-stream-release	monthly
centos-stream-repos	monthly
checkpolicy	monthly
chrony	monthly
cifs-utils	monthly
cirrus-audio-firmware	quarterly
cjson	monthly
cldr-emoji-annotation	monthly
cldr-emoji-annotation-dtd	monthly
cloud-utils-growpart	monthly
cmake-filesystem	monthly
codec2	monthly
color-filesystem	monthly
colord	monthly
colord-gtk4	monthly
colord-libs	monthly
composefs	monthly
composefs-libs	monthly
conmon	monthly
container-selinux	monthly
containerd	monthly
containers-common	monthly
containers-common-extra	monthly
coreutils	monthly
coreutils-common	monthly
cpio	monthly
cpp	monthly
cpuinfo	monthly
cracklib	monthly
cracklib-dicts	monthly
criu	monthly
criu-libs	monthly
crun	monthly
crypto-policies	monthly
crypto-policies-scripts	monthly
cryptsetup	monthly
cryptsetup-libs	monthly
cups	monthly
cups-browsed	monthly
cups-client	monthly
cups-filesystem	monthly
cups-filters	monthly
cups-filters-driverless	monthly
cups-ipptool	monthly
cups-libs	monthly
cups-pk-helper	monthly
curl	monthly
cyrus-sasl-gssapi	monthly
cyrus-sasl-lib	monthly
cyrus-sasl-plain	monthly
davs2-libs	monthly
dbus	monthly
dbus-broker	monthly
dbus-common	monthly
dbus-daemon	monthly
dbus-libs	monthly
dbus-tools	monthly
dconf	monthly
ddcutil	monthly
default-fonts-am	yearly
default-fonts-ar	yearly
default-fonts-as	yearly
default-fonts-ast	yearly
default-fonts-be	yearly
default-fonts-bg	yearly
default-fonts-bn	yearly
default-fonts-bo	yearly
default-fonts-br	yearly
default-fonts-chr	yearly
default-fonts-cjk-mono	yearly
default-fonts-cjk-sans	yearly
default-fonts-cjk-serif	yearly
default-fonts-core-emoji	yearly
default-fonts-core-math	yearly
default-fonts-core-mono	yearly
default-fonts-core-sans	yearly
default-fonts-core-serif	yearly
default-fonts-dv	yearly
default-fonts-dz	yearly
default-fonts-el	yearly
default-fonts-eo	yearly
default-fonts-eu	yearly
default-fonts-fa	yearly
default-fonts-gu	yearly
default-fonts-he	yearly
default-fonts-hi	yearly
default-fonts-hy	yearly
default-fonts-ia	yearly
default-fonts-iu	yearly
default-fonts-ka	yearly
default-fonts-km	yearly
default-fonts-kn	yearly
default-fonts-ku	yearly
default-fonts-lo	yearly
default-fonts-mai	yearly
default-fonts-ml	yearly
default-fonts-mni	yearly
default-fonts-mr	yearly
default-fonts-my	yearly
default-fonts-nb	yearly
default-fonts-ne	yearly
default-fonts-nn	yearly
default-fonts-nr	yearly
default-fonts-nso	yearly
default-fonts-or	yearly
default-fonts-other-mono	yearly
default-fonts-other-sans	yearly
default-fonts-other-serif	yearly
default-fonts-pa	yearly
default-fonts-ru	yearly
default-fonts-sat	yearly
default-fonts-si	yearly
default-fonts-ss	yearly
default-fonts-ta	yearly
default-fonts-te	yearly
default-fonts-th	yearly
default-fonts-tn	yearly
default-fonts-ts	yearly
default-fonts-uk	yearly
default-fonts-ur	yearly
default-fonts-ve	yearly
default-fonts-vi	yearly
default-fonts-xh	yearly
default-fonts-yi	yearly
default-fonts-zu	yearly
dejavu-sans-fonts	yearly
dejavu-sans-mono-fonts	yearly
dejavu-serif-fonts	yearly
desktop-file-utils	monthly
device-mapper	monthly
device-mapper-event	monthly
device-mapper-event-libs	monthly
device-mapper-libs	monthly
device-mapper-persistent-data	monthly
diffutils	monthly
distrobox	weekly
dmidecode	monthly
dnf	monthly
dnf-bootc	monthly
dnf-data	monthly
dnf-plugins-core	monthly
dnsmasq	monthly
dos2unix	monthly
dosfstools	monthly
dotconf	monthly
double-conversion	monthly
dracut	monthly
dracut-config-rescue	monthly
dracut-network	monthly
dracut-squash	monthly
duktape	monthly
e2fsprogs	monthly
e2fsprogs-libs	monthly
ed	monthly
efi-filesystem	monthly
efibootmgr	monthly
efivar-libs	monthly
elfutils-debuginfod-client	monthly
elfutils-default-yama-scope	monthly
elfutils-libelf	monthly
elfutils-libelf-devel	monthly
elfutils-libs	monthly
emacs-filesystem	monthly
enchant2	monthly
enscript	monthly
epel-release	monthly
erofs-utils	monthly
espeak-ng	monthly
ethtool	monthly
evolution-data-server	monthly
evolution-data-server-langpacks	monthly
exempi	monthly
exfatprogs	monthly
exiv2	monthly
exiv2-libs	monthly
expat	monthly
fastfetch	weekly
ffmpeg	monthly
ffmpegthumbnailer	monthly
ffmpegthumbnailer-libs	monthly
fftw-libs-double	monthly
fftw-libs-single	monthly
file	monthly
file-libs	monthly
filesystem	monthly
findutils	monthly
firewalld	monthly
firewalld-filesystem	monthly
flac-libs	monthly
flashrom	monthly
flatpak	monthly
flatpak-selinux	monthly
flatpak-session-helper	monthly
flex	monthly
flite	monthly
fontconfig	monthly
fonts-filesystem	yearly
foomatic	monthly
foomatic-db	monthly
foomatic-db-filesystem	monthly
foomatic-db-ppds	monthly
fpaste	monthly
fprintd	monthly
fprintd-pam	monthly
freeglut	monthly
freerdp-libs	monthly
freetype	monthly
fribidi	monthly
fstrm	monthly
fuse	monthly
fuse-common	monthly
fuse-libs	monthly
fuse3	monthly
fuse3-libs	monthly
fwupd	monthly
fwupd-efi	monthly
fwupd-plugin-flashrom	monthly
fzf	monthly
game-music-emu	monthly
gawk	monthly
gawk-all-langpacks	monthly
gcc	monthly
gcr	monthly
gcr-libs	monthly
gcr3	monthly
gcr3-base	monthly
gd	monthly
gdbm	monthly
gdbm-libs	monthly
gdk-pixbuf2	monthly
gdm	monthly
generic-logos	monthly
geoclue2	monthly
geoclue2-libs	monthly
geocode-glib	monthly
gettext	monthly
gettext-envsubst	monthly
gettext-libs	monthly
gettext-runtime	monthly
ghostscript	monthly
ghostscript-tools-fonts	yearly
ghostscript-tools-printing	monthly
giflib	monthly
git	monthly
git-core	monthly
git-core-doc	monthly
gjs	monthly
glib-networking	monthly
glib2	monthly
glibc	monthly
glibc-all-langpacks	monthly
glibc-common	monthly
glibc-devel	monthly
glibc-gconv-extra	monthly
glibc-minimal-langpack	monthly
glow	monthly
glx-utils	monthly
glycin-loaders	monthly
glycin-thumbnailer	monthly
gmp	monthly
gnome-autoar	monthly
gnome-bluetooth	monthly
gnome-bluetooth-libs	monthly
gnome-color-manager	monthly
gnome-control-center	monthly
gnome-control-center-filesystem	monthly
gnome-desktop3	monthly
gnome-desktop4	monthly
gnome-disk-utility	monthly
gnome-initial-setup	monthly
gnome-keyring	monthly
gnome-keyring-pam	monthly
gnome-online-accounts	monthly
gnome-online-accounts-libs	monthly
gnome-remote-desktop	monthly
gnome-session	monthly
gnome-session-wayland-session	monthly
gnome-settings-daemon	monthly
gnome-shell	monthly
gnome-tour	monthly
gnome-user-docs	monthly
gnome49-el10-compat	monthly
gnupg2	monthly
gnutls	monthly
gobject-introspection	monthly
google-droid-sans-fonts	yearly
google-noto-color-emoji-fonts	yearly
google-noto-emoji-fonts	yearly
google-noto-fonts-common	yearly
google-noto-naskh-arabic-vf-fonts	yearly
google-noto-sans-arabic-vf-fonts	yearly
google-noto-sans-armenian-vf-fonts	yearly
google-noto-sans-bengali-vf-fonts	yearly
google-noto-sans-canadian-aboriginal-vf-fonts	yearly
google-noto-sans-cherokee-vf-fonts	yearly
google-noto-sans-cjk-vf-fonts	yearly
google-noto-sans-devanagari-vf-fonts	yearly
google-noto-sans-ethiopic-vf-fonts	yearly
google-noto-sans-georgian-vf-fonts	yearly
google-noto-sans-gujarati-vf-fonts	yearly
google-noto-sans-gurmukhi-vf-fonts	yearly
google-noto-sans-hebrew-vf-fonts	yearly
google-noto-sans-kannada-vf-fonts	yearly
google-noto-sans-khmer-vf-fonts	yearly
google-noto-sans-lao-vf-fonts	yearly
google-noto-sans-math-fonts	yearly
google-noto-sans-meetei-mayek-vf-fonts	yearly
google-noto-sans-mono-cjk-vf-fonts	yearly
google-noto-sans-mono-vf-fonts	yearly
google-noto-sans-ol-chiki-vf-fonts	yearly
google-noto-sans-oriya-vf-fonts	yearly
google-noto-sans-sinhala-vf-fonts	yearly
google-noto-sans-symbols-2-fonts	yearly
google-noto-sans-symbols-vf-fonts	yearly
google-noto-sans-tamil-vf-fonts	yearly
google-noto-sans-telugu-vf-fonts	yearly
google-noto-sans-thaana-vf-fonts	yearly
google-noto-sans-thai-vf-fonts	yearly
google-noto-sans-vf-fonts	yearly
google-noto-serif-armenian-vf-fonts	yearly
google-noto-serif-bengali-vf-fonts	yearly
google-noto-serif-cjk-vf-fonts	yearly
google-noto-serif-devanagari-vf-fonts	yearly
google-noto-serif-ethiopic-vf-fonts	yearly
google-noto-serif-georgian-vf-fonts	yearly
google-noto-serif-gujarati-vf-fonts	yearly
google-noto-serif-gurmukhi-vf-fonts	yearly
google-noto-serif-hebrew-vf-fonts	yearly
google-noto-serif-kannada-vf-fonts	yearly
google-noto-serif-khmer-vf-fonts	yearly
google-noto-serif-lao-vf-fonts	yearly
google-noto-serif-oriya-vf-fonts	yearly
google-noto-serif-sinhala-vf-fonts	yearly
google-noto-serif-tamil-vf-fonts	yearly
google-noto-serif-telugu-vf-fonts	yearly
google-noto-serif-thai-vf-fonts	yearly
google-noto-serif-vf-fonts	yearly
gpg-pubkey	monthly
gpgme	monthly
gpgmepp	monthly
graphene	monthly
graphite2	monthly
grep	monthly
groff-base	monthly
grub2-common	monthly
grub2-efi-x64	monthly
grub2-pc	monthly
grub2-pc-modules	monthly
grub2-tools	monthly
grub2-tools-minimal	monthly
grubby	monthly
gsettings-desktop-schemas	monthly
gsm	monthly
gsound	monthly
gssdp	monthly
gssproxy	monthly
gstreamer1	monthly
gstreamer1-plugins-bad	monthly
gstreamer1-plugins-base	monthly
gstreamer1-plugins-good	monthly
gstreamer1-plugins-ugly	monthly
gtk-update-icon-cache	monthly
gtk3	monthly
gtk4	monthly
gtksourceview5	monthly
gum	monthly
gupnp	monthly
gupnp-igd	monthly
gutenprint	monthly
gutenprint-cups	monthly
gutenprint-doc	monthly
gutenprint-libs	monthly
gvfs	monthly
gvfs-client	monthly
gvfs-fuse	monthly
gvfs-goa	monthly
gvfs-gphoto2	monthly
gvfs-mtp	monthly
gvfs-smb	monthly
gzip	monthly
harfbuzz	monthly
harfbuzz-icu	monthly
hdparm	monthly
hicolor-icon-theme	monthly
highway	monthly
hostname	monthly
hplip	monthly
hplip-common	monthly
hplip-libs	monthly
hunspell	monthly
hunspell-en-GB	monthly
hunspell-en-US	monthly
hunspell-filesystem	monthly
hwdata	monthly
hyperv-daemons	monthly
hyperv-daemons-license	monthly
hypervfcopyd	monthly
hypervkvpd	monthly
hypervvssd	monthly
hyphen	monthly
i2c-tools	monthly
ibus	monthly
ibus-anthy	monthly
ibus-anthy-python	monthly
ibus-chewing	monthly
ibus-gtk3	monthly
ibus-hangul	monthly
ibus-libpinyin	monthly
ibus-libs	monthly
ibus-libzhuyin	monthly
ibus-m17n	monthly
ibus-setup	monthly
ibus-typing-booster	monthly
iio-sensor-proxy	monthly
ilbc	monthly
ima-evm-utils	monthly
inih	monthly
inih-cpp	monthly
initscripts-rename-device	monthly
initscripts-service	monthly
insights-core	monthly
insights-core-selinux	monthly
intel-audio-firmware	quarterly
intel-gpu-firmware	monthly
intel-mediasdk	monthly
intel-vpl-gpu-rt	monthly
intel-vsc-firmware	monthly
ipp-usb	monthly
iproute	monthly
iproute-tc	monthly
ipset	monthly
ipset-libs	monthly
iptables-libs	monthly
iptables-nft	monthly
iptables-nft-services	monthly
iputils	monthly
irqbalance	monthly
iso-codes	monthly
itstool	monthly
iw	monthly
iwlwifi-dvm-firmware	quarterly
iwlwifi-mvm-firmware	quarterly
jansson	monthly
javascriptcoregtk4.1	monthly
jbig2dec-libs	monthly
jbigkit-libs	monthly
jetbrains-mono-fonts	yearly
jetbrains-mono-fonts-all	yearly
jetbrains-mono-nl-fonts	yearly
jomolhari-fonts	yearly
jq	monthly
json-c	monthly
json-glib	monthly
just	monthly
jxl-pixbuf-loader	monthly
kasumi-common	monthly
kasumi-unicode	monthly
kbd	monthly
kbd-legacy	monthly
kbd-misc	monthly
kdump-utils	monthly
kernel	monthly
kernel-core	monthly
kernel-devel	monthly
kernel-devel-matched	monthly
kernel-headers	monthly
kernel-modules	monthly
kernel-modules-core	monthly
kernel-modules-extra	monthly
kernel-tools	monthly
kernel-tools-libs	monthly
kernel-uki-virt	monthly
kexec-tools	monthly
keyutils	monthly
keyutils-libs	monthly
kmod	monthly
kmod-libs	monthly
kmod-zfs	monthly
kpartx	monthly
kpatch	monthly
kpatch-dnf	monthly
krb5-libs	monthly
kvazaar-libs	monthly
kyotocabinet-libs	monthly
ladspa	monthly
lame	monthly
lame-libs	monthly
langtable	monthly
lcms2	monthly
ledmon	monthly
ledmon-libs	monthly
leptonica	monthly
less	monthly
libICE	monthly
libSM	monthly
libX11	monthly
libX11-common	monthly
libX11-xcb	monthly
libXau	monthly
libXcomposite	monthly
libXcursor	monthly
libXdamage	monthly
libXdmcp	monthly
libXext	monthly
libXfixes	monthly
libXfont2	monthly
libXft	monthly
libXi	monthly
libXinerama	monthly
libXmu	monthly
libXpm	monthly
libXrandr	monthly
libXrender	monthly
libXres	monthly
libXt	monthly
libXtst	monthly
libXv	monthly
libXxf86vm	monthly
liba52	monthly
libacl	monthly
libadwaita	monthly
libaio	monthly
libao	monthly
libaom	monthly
libarchive	monthly
libaribcaption	monthly
libass	monthly
libassuan	monthly
libasyncns	monthly
libatasmart	monthly
libattr	monthly
libavc1394	monthly
libavcodec	monthly
libavdevice	monthly
libavfilter	monthly
libavformat	monthly
libavif	monthly
libavutil	monthly
libbabeltrace	monthly
libbasicobjects	monthly
libblkid	monthly
libblockdev	monthly
libblockdev-crypto	monthly
libblockdev-fs	monthly
libblockdev-loop	monthly
libblockdev-mdraid	monthly
libblockdev-nvme	monthly
libblockdev-part	monthly
libblockdev-smart	monthly
libblockdev-swap	monthly
libblockdev-utils	monthly
libbluray	monthly
libbpf	monthly
libbrotli	monthly
libbs2b	monthly
libbytesize	monthly
libcaca	monthly
libcamera	monthly
libcamera-gstreamer	monthly
libcamera-ipa	monthly
libcamera-tools	monthly
libcamera-v4l2	monthly
libcanberra	monthly
libcanberra-gtk3	monthly
libcap	monthly
libcap-ng	monthly
libcap-ng-python3	monthly
libcbor	monthly
libcdio	monthly
libcdio-paranoia	monthly
libchewing	monthly
libchromaprint	monthly
libcollection	monthly
libcom_err	monthly
libcomps	monthly
libconfig	monthly
libcupsfilters	monthly
libcurl	monthly
libdaemon	monthly
libdatrie	monthly
libdav1d	monthly
libdc1394	monthly
libdca	monthly
libde265	monthly
libdecor	monthly
libdhash	monthly
libdisplay-info	monthly
libdnf	monthly
libdnf-plugin-subscription-manager	monthly
libdovi	monthly
libdrm	monthly
libdvdnav	monthly
libdvdread	monthly
libeconf	monthly
libedit	monthly
libei	monthly
libeis	monthly
libepoxy	monthly
liberation-fonts-common	yearly
liberation-mono-fonts	yearly
libertas-firmware	monthly
libev	monthly
libevdev	monthly
libevent	monthly
libexif	monthly
libfdisk	monthly
libfdk-aac	monthly
libffi	monthly
libfido2	monthly
libfontenc	monthly
libfprint	monthly
libfreeaptx	monthly
libgcc	monthly
libgcrypt	monthly
libgda	monthly
libgexiv2	monthly
libglvnd	monthly
libglvnd-egl	monthly
libglvnd-gles	monthly
libglvnd-glx	monthly
libglvnd-opengl	monthly
libgomp	monthly
libgpg-error	monthly
libgphoto2	monthly
libgs	monthly
libgsf	monthly
libgtop2	monthly
libgudev	monthly
libgusb	monthly
libgweather	monthly
libgxps	monthly
libhandy	monthly
libhangul	monthly
libi2c	monthly
libibverbs	monthly
libical	monthly
libical-glib	monthly
libicu	monthly
libidn2	monthly
libiec61883	monthly
libieee1284	monthly
libijs	monthly
libini_config	monthly
libinput	monthly
libipa_hbac	monthly
libiptcdata	monthly
libjcat	monthly
libjpeg-turbo	monthly
libjxl	monthly
libkcapi	monthly
libkcapi-hasher	monthly
libkcapi-hmaccalc	monthly
libklvanc	monthly
libksba	monthly
liblc3	monthly
libldac	monthly
libldb	monthly
liblerc	monthly
liblouis	monthly
liblouis-tables	monthly
libmanette	monthly
libmaxminddb	monthly
libmbim	monthly
libmbim-utils	monthly
libmicrodns	monthly
libmnl	monthly
libmodplug	monthly
libmodulemd	monthly
libmount	monthly
libmpc	monthly
libmpeg2	monthly
libmspack	monthly
libmtp	monthly
libmysofa	monthly
libndp	monthly
libnet	monthly
libnetfilter_conntrack	monthly
libnfnetlink	monthly
libnfsidmap	monthly
libnftnl	monthly
libnghttp2	monthly
libnice	monthly
libnl3	monthly
libnma	monthly
libnma-gtk4	monthly
libnotify	monthly
libnvme	monthly
libnvpair3	monthly
liboeffis	monthly
libogg	monthly
libopenmpt	monthly
libosinfo	monthly
libpaper	monthly
libpath_utils	monthly
libpcap	monthly
libpciaccess	monthly
libpinyin	monthly
libpinyin-data	monthly
libpipeline	monthly
libpkgconf	monthly
libplacebo	monthly
libpng	monthly
libportal	monthly
libportal-gtk4	monthly
libpostproc	monthly
libppd	monthly
libproxy	monthly
libpskc	monthly
libpsl	monthly
libpwquality	monthly
libqmi	monthly
libqmi-utils	monthly
libqrtr-glib	monthly
librabbitmq	monthly
libraw1394	monthly
libref_array	monthly
librepo	monthly
librist	monthly
librsvg2	monthly
librsvg2-tools	monthly
librtmp	monthly
libsamplerate	monthly
libsane-airscan	monthly
libsane-hpaio	monthly
libsbc	monthly
libseccomp	monthly
libsecret	monthly
libselinux	monthly
libselinux-utils	monthly
libsemanage	monthly
libsepol	monthly
libshaderc	monthly
libshout	monthly
libsmartcols	monthly
libsmbclient	monthly
libsndfile	monthly
libsodium	monthly
libsolv	monthly
libsoup3	monthly
libspelling	monthly
libsrtp	monthly
libss	monthly
libssh	monthly
libssh-config	monthly
libsss_certmap	monthly
libsss_idmap	monthly
libsss_nss_idmap	monthly
libsss_sudo	monthly
libstdc++	monthly
libstoragemgmt	monthly
libswresample	monthly
libswscale	monthly
libsysfs	monthly
libtalloc	monthly
libtasn1	monthly
libtdb	monthly
libtevent	monthly
libthai	monthly
libtheora	monthly
libtiff	monthly
libtinysparql	monthly
libtirpc	monthly
libtool-ltdl	monthly
libtraceevent	monthly
libudfread	monthly
libudisks2	monthly
libunibreak	monthly
libunistring	monthly
libunwind	monthly
liburing	monthly
libusb1	monthly
libutempter	monthly
libuuid	monthly
libuutil3	monthly
libuv	monthly
libv4l	monthly
libva	monthly
libvdpau	monthly
libverto	monthly
libverto-libev	monthly
libvmaf	monthly
libvo-aacenc	monthly
libvorbis	monthly
libvpl	monthly
libvpx	monthly
libwacom	monthly
libwacom-data	monthly
libwayland-client	monthly
libwayland-cursor	monthly
libwayland-egl	monthly
libwayland-server	monthly
libwbclient	monthly
libwebp	monthly
libwinpr	monthly
libwnck3	monthly
libxavs	monthly
libxcb	monthly
libxcrypt	monthly
libxcrypt-devel	monthly
libxcvt	monthly
libxkbcommon	monthly
libxkbcommon-x11	monthly
libxkbfile	monthly
libxml2	monthly
libxmlb	monthly
libxshmfence	monthly
libxslt	monthly
libyaml	monthly
libzfs6	monthly
libzhuyin	monthly
libzpool6	monthly
libzstd	monthly
libzstd-devel	monthly
lilv-libs	monthly
linux-firmware	quarterly
linux-firmware-whence	quarterly
llvm-filesystem	monthly
llvm-libs	monthly
lm_sensors-libs	monthly
lmdb-libs	monthly
localsearch	monthly
lockdev	monthly
logrotate	monthly
low-memory-monitor	monthly
lrzsz	monthly
lsb_release	monthly
lshw	monthly
lsof	monthly
lsscsi	monthly
lua-libs	monthly
lv2	monthly
lvm2	monthly
lvm2-libs	monthly
lz4-libs	monthly
lzo	monthly
m17n-db	monthly
m17n-lib	monthly
m4	monthly
madan-fonts	yearly
mailcap	monthly
make	monthly
makedumpfile	monthly
mallard-rng	monthly
man-db	monthly
man-pages	monthly
mbedtls	monthly
mcelog	monthly
mdadm	monthly
memstrack	monthly
mesa-dri-drivers	monthly
mesa-filesystem	monthly
mesa-libEGL	monthly
mesa-libGL	monthly
mesa-libGLU	monthly
mesa-libgbm	monthly
mesa-vulkan-drivers	monthly
microcode_ctl	monthly
mjpegtools-libs	monthly
mobile-broadband-provider-info	monthly
mokutil	monthly
mozjs140	monthly
mpdecimal	monthly
mpfr	monthly
mpg123-libs	monthly
mt7xxx-firmware	quarterly
mtdev	monthly
mtr	monthly
mutter	monthly
mutter-common	monthly
nano	monthly
nautilus	monthly
nautilus-extensions	monthly
ncurses	monthly
ncurses-base	monthly
ncurses-libs	monthly
neon	monthly
nerd-fonts	yearly
net-snmp-libs	monthly
net-tools	monthly
netavark	monthly
netronome-firmware	monthly
nettle	monthly
newt	monthly
nfs-utils	monthly
nftables	monthly
nm-connection-editor	monthly
nmap-ncat	monthly
npth	monthly
nspr	monthly
nss	monthly
nss-altfiles	monthly
nss-mdns	monthly
nss-softokn	monthly
nss-softokn-freebl	monthly
nss-sysinit	monthly
nss-util	monthly
ntfs-3g	monthly
ntfs-3g-libs	monthly
ntfs-3g-system-compression	monthly
numactl-libs	monthly
nvidia-gpu-firmware	monthly
nvme-cli	monthly
nxpwireless-firmware	quarterly
ocl-icd	monthly
oniguruma	monthly
open-vm-tools	monthly
open-vm-tools-desktop	monthly
openal-soft	monthly
openconnect	monthly
opencore-amr	monthly
openexr-libs	monthly
openh264	monthly
openjpeg2	monthly
openldap	monthly
openpgm	monthly
openssh	monthly
openssh-clients	monthly
openssh-server	monthly
openssl	monthly
openssl-devel	monthly
openssl-fips-provider	monthly
openssl-libs	monthly
openvpn	monthly
opus	monthly
orc	monthly
orca	monthly
os-prober	monthly
osinfo-db	monthly
osinfo-db-tools	monthly
ostree	monthly
ostree-libs	monthly
p11-kit	monthly
p11-kit-server	monthly
p11-kit-trust	monthly
paktype-naskh-basic-fonts	yearly
pam	monthly
pam-libs	monthly
pango	monthly
papers-libs	monthly
papers-thumbnailer	monthly
paps	monthly
parted	monthly
passt	monthly
passt-selinux	monthly
pcaudiolib	monthly
pciutils	monthly
pciutils-libs	monthly
pcp-conf	monthly
pcp-libs	monthly
pcre2	monthly
pcre2-syntax	monthly
pcre2-utf16	monthly
pcre2-utf32	monthly
pcsc-lite	monthly
pcsc-lite-ccid	monthly
pcsc-lite-libs	monthly
perl-AutoLoader	monthly
perl-B	monthly
perl-Carp	monthly
perl-Class-Struct	monthly
perl-Data-Dumper	monthly
perl-Digest	monthly
perl-Digest-MD5	monthly
perl-DynaLoader	monthly
perl-Encode	monthly
perl-Errno	monthly
perl-Error	monthly
perl-Exporter	monthly
perl-Fcntl	monthly
perl-File-Basename	monthly
perl-File-Path	monthly
perl-File-Temp	monthly
perl-File-stat	monthly
perl-FileHandle	monthly
perl-Getopt-Long	monthly
perl-Getopt-Std	monthly
perl-Git	monthly
perl-HTTP-Tiny	monthly
perl-IO	monthly
perl-IO-Socket-IP	monthly
perl-IO-Socket-SSL	monthly
perl-IPC-Open3	monthly
perl-MIME-Base64	monthly
perl-Mozilla-CA	monthly
perl-NDBM_File	monthly
perl-Net-SSLeay	monthly
perl-POSIX	monthly
perl-PathTools	monthly
perl-Pod-Escapes	monthly
perl-Pod-Perldoc	monthly
perl-Pod-Simple	monthly
perl-Pod-Usage	monthly
perl-Scalar-List-Utils	monthly
perl-SelectSaver	monthly
perl-Socket	monthly
perl-Storable	monthly
perl-Symbol	monthly
perl-Term-ANSIColor	monthly
perl-Term-Cap	monthly
perl-TermReadKey	monthly
perl-Text-ParseWords	monthly
perl-Text-Tabs+Wrap	monthly
perl-Time-Local	monthly
perl-URI	monthly
perl-base	monthly
perl-constant	monthly
perl-if	monthly
perl-interpreter	monthly
perl-lib	monthly
perl-libnet	monthly
perl-libs	monthly
perl-locale	monthly
perl-mro	monthly
perl-overload	monthly
perl-overloading	monthly
perl-parent	monthly
perl-podlators	monthly
perl-vars	monthly
pigz	monthly
pinentry	monthly
pinentry-gnome3	monthly
pipewire	monthly
pipewire-alsa	monthly
pipewire-gstreamer	monthly
pipewire-jack-audio-connection-kit	monthly
pipewire-jack-audio-connection-kit-libs	monthly
pipewire-libs	monthly
pipewire-plugin-libcamera	monthly
pipewire-pulseaudio	monthly
pipewire-utils	monthly
pixman	monthly
pkcs11-helper	monthly
pkcs11-provider	monthly
pkgconf	monthly
pkgconf-m4	monthly
pkgconf-pkg-config	monthly
plocate	monthly
plymouth	monthly
plymouth-core-libs	monthly
plymouth-graphics-libs	monthly
plymouth-plugin-label	monthly
plymouth-plugin-two-step	monthly
plymouth-scripts	monthly
plymouth-system-theme	monthly
plymouth-theme-spinner	monthly
pnm2ppa	monthly
podman	monthly
podman-sequoia	monthly
policycoreutils	monthly
policycoreutils-python-utils	monthly
polkit	monthly
polkit-libs	monthly
polkit-pkla-compat	monthly
poppler	monthly
poppler-cpp	monthly
poppler-data	monthly
poppler-glib	monthly
poppler-utils	monthly
popt	monthly
powertop	monthly
prefixdevname	monthly
procps-ng	monthly
protobuf-c	monthly
psacct	monthly
psmisc	monthly
pt-sans-fonts	yearly
ptyxis	monthly
publicsuffix-list-dafsa	monthly
pulseaudio-libs	monthly
pulseaudio-libs-glib2	monthly
python-unversioned-command	monthly
python3	monthly
python3-argcomplete	monthly
python3-attrs	monthly
python3-audit	monthly
python3-brlapi	monthly
python3-cairo	monthly
python3-cffi	monthly
python3-charset-normalizer	monthly
python3-cloud-what	monthly
python3-cups	monthly
python3-dasbus	monthly
python3-dateutil	monthly
python3-dbus	monthly
python3-decorator	monthly
python3-distro	monthly
python3-dnf	monthly
python3-dnf-plugin-versionlock	monthly
python3-dnf-plugins-core	monthly
python3-enchant	monthly
python3-file-magic	monthly
python3-firewall	monthly
python3-gobject	monthly
python3-gobject-base	monthly
python3-gobject-base-noarch	monthly
python3-hawkey	monthly
python3-idna	monthly
python3-iniparse	monthly
python3-inotify	monthly
python3-jsonschema	monthly
python3-jsonschema-specifications	monthly
python3-langtable	monthly
python3-libcomps	monthly
python3-libdnf	monthly
python3-librepo	monthly
python3-libs	monthly
python3-libselinux	monthly
python3-libsemanage	monthly
python3-libstoragemgmt	monthly
python3-libxml2	monthly
python3-linux-procfs	monthly
python3-louis	monthly
python3-lxml	monthly
python3-nftables	monthly
python3-packaging	monthly
python3-pam	monthly
python3-perf	monthly
python3-pexpect	monthly
python3-pip-wheel	monthly
python3-ply	monthly
python3-policycoreutils	monthly
python3-psutil	monthly
python3-ptyprocess	monthly
python3-pyatspi	monthly
python3-pycparser	monthly
python3-pyudev	monthly
python3-pyxdg	monthly
python3-pyyaml	monthly
python3-pyzfs	monthly
python3-referencing	monthly
python3-regex	monthly
python3-requests	monthly
python3-rpds-py	monthly
python3-rpm	monthly
python3-setools	monthly
python3-setuptools	monthly
python3-six	monthly
python3-speechd	monthly
python3-subscription-manager-rhsm	monthly
python3-systemd	monthly
python3-urllib3	monthly
qemu-guest-agent	monthly
qpdf-libs	monthly
qrencode-libs	monthly
qt5-filesystem	monthly
qt5-qtbase	monthly
qt5-qtbase-common	monthly
qt5-qtbase-gui	monthly
qt5-qtdeclarative	monthly
qt5-qttranslations	monthly
qt5-qtwayland	monthly
qt5-qtx11extras	monthly
qt6-filesystem	monthly
qt6-qtbase	monthly
qt6-qtbase-common	monthly
qt6-qtbase-gui	monthly
qt6-qtdeclarative	monthly
qt6-qtsvg	monthly
qt6-qttranslations	monthly
quota	monthly
quota-nls	monthly
rav1e-libs	monthly
rclone	monthly
readline	monthly
realmd	monthly
realtek-firmware	monthly
redhat-display-vf-fonts	yearly
redhat-mono-vf-fonts	yearly
redhat-text-vf-fonts	yearly
rest	monthly
restic	monthly
rit-meera-new-fonts	yearly
rit-rachana-fonts	yearly
rootfiles	monthly
rpcbind	monthly
rpm	monthly
rpm-build-libs	monthly
rpm-libs	monthly
rpm-ostree	monthly
rpm-ostree-libs	monthly
rpm-plugin-audit	monthly
rpm-plugin-selinux	monthly
rpm-plugin-systemd-inhibit	monthly
rpm-sequoia	monthly
rpm-sign-libs	monthly
rsvg-pixbuf-loader	monthly
rsync	monthly
rtkit	monthly
rubberband	monthly
runc	monthly
samba-client-libs	monthly
samba-common	monthly
samba-common-libs	monthly
sane-airscan	monthly
sane-backends	monthly
sane-backends-drivers-cameras	monthly
sane-backends-drivers-scanners	monthly
sane-backends-libs	monthly
sdl2-compat	monthly
sed	monthly
selinux-policy	monthly
selinux-policy-targeted	monthly
sequoia-sq	monthly
serd	monthly
setup	monthly
sg3_utils	monthly
sg3_utils-libs	monthly
shadow-utils	monthly
shadow-utils-subid	monthly
shared-mime-info	monthly
shim-x64	monthly
sil-padauk-fonts	yearly
simdutf	monthly
skopeo	monthly
slang	monthly
smartmontools	monthly
smartmontools-selinux	monthly
snappy	monthly
socat	monthly
sord	monthly
sos	monthly
sound-theme-freedesktop	monthly
soundtouch	monthly
soxr	monthly
spandsp	monthly
speech-dispatcher	monthly
speech-dispatcher-espeak-ng	monthly
speex	monthly
spice-vdagent	monthly
spirv-tools-libs	monthly
sqlite-libs	monthly
sratom	monthly
srt-libs	monthly
sssd	monthly
sssd-ad	monthly
sssd-client	monthly
sssd-common	monthly
sssd-common-pac	monthly
sssd-ipa	monthly
sssd-kcm	monthly
sssd-krb5	monthly
sssd-krb5-common	monthly
sssd-ldap	monthly
sssd-nfs-idmap	monthly
sssd-proxy	monthly
stalld	monthly
startup-notification	monthly
stix-fonts	yearly
stoken-libs	monthly
strace	monthly
subscription-manager-rhsm-certificates	monthly
sudo	monthly
sudo-python-plugin	monthly
svt-av1-libs	monthly
svt-vp9-libs	monthly
switcheroo-control	monthly
symlinks	monthly
sysstat	monthly
system-config-printer-libs	monthly
system-config-printer-udev	monthly
system-reinstall-bootc	monthly
systemd	monthly
systemd-container	monthly
systemd-libs	monthly
systemd-oomd	monthly
systemd-pam	monthly
systemd-resolved	monthly
systemd-udev	monthly
taglib	monthly
tailscale	weekly
tar	monthly
tcpdump	monthly
tecla	monthly
telnet	monthly
tesseract	monthly
tesseract-langpack-eng	monthly
tesseract-tessdata-doc	monthly
thermald	monthly
time	monthly
tinysparql	monthly
tiwilink-firmware	quarterly
toolbox	monthly
tpm2-tools	monthly
tpm2-tss	monthly
tpm2-tss-fapi	monthly
traceroute	monthly
tree	monthly
tuned	monthly
tuned-ppd	monthly
twolame-libs	monthly
tzdata	monthly
uavs3d-libs	monthly
udisks2	monthly
unicode-ucd	monthly
unzip	monthly
upower	monthly
upower-libs	monthly
urw-base35-bookman-fonts	yearly
urw-base35-c059-fonts	yearly
urw-base35-d050000l-fonts	yearly
urw-base35-fonts	yearly
urw-base35-fonts-common	yearly
urw-base35-gothic-fonts	yearly
urw-base35-nimbus-mono-ps-fonts	yearly
urw-base35-nimbus-roman-fonts	yearly
urw-base35-nimbus-sans-fonts	yearly
urw-base35-p052-fonts	yearly
urw-base35-standard-symbols-ps-fonts	yearly
urw-base35-z003-fonts	yearly
usbutils	monthly
userspace-rcu	monthly
util-linux	monthly
util-linux-core	monthly
uupd	weekly
vamp-plugin-sdk	monthly
vazirmatn-vf-fonts	yearly
vid.stab	monthly
vim-common	monthly
vim-data	monthly
vim-enhanced	monthly
vim-filesystem	monthly
vim-minimal	monthly
virt-what	monthly
vo-amrwbenc	monthly
volume_key-libs	monthly
vpnc-script	monthly
vte-profile	monthly
vte291	monthly
vte291-gtk4	monthly
vulkan-loader	monthly
vvenc-libs	monthly
wavpack	monthly
webkit2gtk4.1	monthly
webrtc-audio-processing	monthly
wget	monthly
which	monthly
wireguard-tools	monthly
wireless-regdb	monthly
wireplumber	monthly
wireplumber-libs	monthly
wl-clipboard	monthly
woff2	monthly
words	monthly
wpa_supplicant	monthly
wsdd	monthly
x264-libs	monthly
x265-libs	monthly
xavs2-libs	monthly
xcb-util	monthly
xcb-util-cursor	monthly
xcb-util-image	monthly
xcb-util-keysyms	monthly
xcb-util-renderutil	monthly
xcb-util-wm	monthly
xdg-dbus-proxy	monthly
xdg-desktop-portal	monthly
xdg-desktop-portal-gnome	monthly
xdg-desktop-portal-gtk	monthly
xdg-terminal-exec	monthly
xdg-user-dirs	monthly
xdg-user-dirs-gtk	monthly
xdg-utils	monthly
xevd-libs	monthly
xeve-libs	monthly
xfsdump	monthly
xfsprogs	monthly
xhost	monthly
xkbcomp	monthly
xkeyboard-config	monthly
xml-common	monthly
xmlsec1	monthly
xmlsec1-openssl	monthly
xorg-x11-server-Xwayland	monthly
xprop	monthly
xvidcore	monthly
xxd	monthly
xz	monthly
xz-libs	monthly
yelp-tools	monthly
yelp-xsl	monthly
yggdrasil	monthly
yggdrasil-worker-package-manager	monthly
yum	monthly
yyjson	monthly
zbar-libs	monthly
zeromq	monthly
zfs	monthly
zimg	monthly
zip	monthly
zix	monthly
zlib-ng-compat	monthly
zlib-ng-compat-devel	monthly
zram-generator	monthly
zstd	monthly
zvbi	monthly
zxing-cpp	monthly
